model,fold,auc,precision,recall,f1,accuracy
Logistic Regression,1,0.875,0.8182,1.0,0.9,0.8824
Logistic Regression,2,0.7778,0.8333,0.5556,0.6667,0.7059
Logistic Regression,3,0.8906,1.0,0.75,0.8571,0.875
Logistic Regression,4,0.8594,0.875,0.875,0.875,0.875
Logistic Regression,5,0.8359,0.7778,0.875,0.8235,0.8125
Logistic Regression,MEAN,0.8477,0.8609,0.8111,0.8245,0.8302
SVM (RBF kernel),1,0.875,0.7778,0.7778,0.7778,0.7647
SVM (RBF kernel),2,0.8056,0.8,0.4444,0.5714,0.6471
SVM (RBF kernel),3,0.9219,0.8333,0.625,0.7143,0.75
SVM (RBF kernel),4,0.75,0.7143,0.625,0.6667,0.6875
SVM (RBF kernel),5,0.8828,0.7273,1.0,0.8421,0.8125
SVM (RBF kernel),MEAN,0.8471,0.7705,0.6944,0.7145,0.7324
Random Forest,1,0.9375,0.8182,1.0,0.9,0.8824
Random Forest,2,0.7083,1.0,0.5556,0.7143,0.7647
Random Forest,3,0.9062,1.0,0.75,0.8571,0.875
Random Forest,4,0.75,0.75,0.75,0.75,0.75
Random Forest,5,0.9297,0.8571,0.75,0.8,0.8125
Random Forest,MEAN,0.8463,0.8851,0.7611,0.8043,0.8169
