source,id,num_qubits,depth,size,multi_qubit_gates,t_gate_count,measure_count,rmqg,label
Bugs4Q,bug_1,3,2,2,2,0,0,1.0,1
Bugs4Q,bug_2,2,2,2,1,0,0,0.5,1
Bugs4Q,bug_3,1,1,1,0,0,0,0.0,1
Bugs4Q,bug_4,18,2,3,0,0,0,0.0,1
Bugs4Q,bug_5,0,0,0,0,0,0,0.0,1
Bugs4Q,bug_6,36,3,41,1,0,36,0.0244,1
Bugs4Q,bug_7,3,3,3,2,0,0,0.6667,1
Bugs4Q,bug_8,3,2,2,2,0,0,1.0,1
Bugs4Q,bug_9,1,1,1,0,0,0,0.0,1
Bugs4Q,bug_10,1,1,1,0,0,0,0.0,1
Bugs4Q,bug_11,1,1,1,0,0,0,0.0,1
Bugs4Q,bug_12,2,2,4,0,0,2,0.0,1
Bugs4Q,bug_13,3,1,1,0,0,0,0.0,1
Bugs4Q,bug_14,2,4,4,1,0,0,0.25,1
Bugs4Q,bug_15,1,1,1,0,0,0,0.0,1
Bugs4Q,bug_16,5,6,10,4,0,5,0.4,1
Bugs4Q,bug_17,3,2,4,0,0,3,0.0,1
Bugs4Q,bug_18,2,3,4,1,0,2,0.25,1
Bugs4Q,bug_19,2,2,2,1,0,0,0.5,1
Bugs4Q,bug_20,2,2,2,1,0,0,0.5,1
Bugs4Q,bug_21,2,3,4,1,0,2,0.25,1
Bugs4Q,bug_22,2,2,2,1,0,0,0.5,1
Bugs4Q,bug_23,2,3,4,1,0,2,0.25,1
Bugs4Q,bug_24,2,3,4,1,0,2,0.25,1
Bugs4Q,bug_25,3,4,6,2,0,3,0.3333,1
Bugs4Q,bug_26,2,2,2,1,0,0,0.5,1
Bugs4Q,bug_27,2,3,4,1,0,2,0.25,1
Bugs4Q,bug_28,2,3,4,1,0,2,0.25,1
Bugs4Q,bug_29,3,4,6,2,0,3,0.3333,1
Bugs4Q,bug_30,2,2,2,1,0,0,0.5,1
Bugs4Q,bug_31,3,4,6,2,0,3,0.3333,1
Bugs4Q,bug_32,2,3,4,1,0,2,0.25,1
Bugs4Q,bug_33,1,3,3,0,0,2,0.0,1
Bugs4Q,bug_34,2,2,2,1,0,0,0.5,1
Bugs4Q,bug_35,7,2,2,1,0,0,0.5,1
Bugs4Q,bug_36,1,2,2,0,0,0,0.0,1
Bugs4Q,bug_37,5,2,6,0,0,5,0.0,1
Bugs4Q,bug_38,2,2,2,1,0,0,0.5,1
Bugs4Q,bug_39,4,7,10,6,0,4,0.6,1
Bugs4Q,bug_40,2,5,7,1,0,0,0.1429,1
Bugs4Q,bug_41,2,5,6,0,0,2,0.0,1
Bugs4Q,bug_42,4,14,25,6,0,4,0.24,1
MQTBench,clean_1q_dj_1,1,3,3,0,0,0,0.0,0
MQTBench,clean_1q_ghz_2,1,2,2,0,0,1,0.0,0
MQTBench,clean_1q_qaoa_3,1,3,3,0,0,0,0.0,0
MQTBench,clean_1q_qft_4,1,2,2,0,0,1,0.0,0
MQTBench,clean_1q_qftentangled_5,1,3,3,0,0,1,0.0,0
MQTBench,clean_1q_wstate_6,1,2,2,0,0,1,0.0,0
MQTBench,clean_2q_dj_1,2,5,6,0,0,1,0.0,0
MQTBench,clean_2q_ghz_2,2,3,4,1,0,2,0.25,0
MQTBench,clean_2q_qaoa_3,2,5,8,2,0,0,0.25,0
MQTBench,clean_2q_qft_4,2,2,3,0,0,2,0.0,0
MQTBench,clean_2q_qftentangled_5,2,4,5,1,0,2,0.2,0
MQTBench,clean_2q_wstate_6,2,5,7,2,0,2,0.2857,0
MQTBench,clean_2q_grover_7,2,3,5,0,0,2,0.0,0
MQTBench,clean_2q_qpeexact_8,2,4,5,1,0,1,0.2,0
MQTBench,clean_2q_qpeinexact_9,2,4,5,1,0,1,0.2,0
MQTBench,clean_2q_dj_10,2,5,6,0,0,1,0.0,0
MQTBench,clean_2q_ghz_11,2,3,4,1,0,2,0.25,0
MQTBench,clean_2q_qaoa_12,2,5,8,2,0,0,0.25,0
MQTBench,clean_2q_qft_13,2,2,3,0,0,2,0.0,0
MQTBench,clean_2q_qftentangled_14,2,4,5,1,0,2,0.2,0
MQTBench,clean_2q_wstate_15,2,5,7,2,0,2,0.2857,0
MQTBench,clean_2q_grover_16,2,3,5,0,0,2,0.0,0
MQTBench,clean_2q_qpeexact_17,2,4,5,1,0,1,0.2,0
MQTBench,clean_2q_qpeinexact_18,2,4,5,1,0,1,0.2,0
MQTBench,clean_2q_dj_19,2,5,6,0,0,1,0.0,0
MQTBench,clean_3q_dj_1,3,5,9,0,0,2,0.0,0
MQTBench,clean_3q_ghz_2,3,4,6,2,0,3,0.3333,0
MQTBench,clean_3q_qaoa_3,3,7,13,4,0,0,0.3077,0
MQTBench,clean_3q_qft_4,3,2,4,0,0,3,0.0,0
MQTBench,clean_3q_qftentangled_5,3,5,7,2,0,3,0.2857,0
MQTBench,clean_3q_wstate_6,3,7,12,4,0,3,0.3333,0
MQTBench,clean_3q_grover_7,3,3,7,0,0,3,0.0,0
MQTBench,clean_3q_qpeexact_8,3,7,10,3,0,2,0.3,0
MQTBench,clean_4q_dj_1,4,5,12,0,0,3,0.0,0
MQTBench,clean_4q_ghz_2,4,5,8,3,0,4,0.375,0
MQTBench,clean_5q_dj_1,5,5,15,0,0,4,0.0,0
MQTBench,clean_5q_ghz_2,5,6,10,4,0,5,0.4,0
MQTBench,clean_7q_dj_1,7,5,21,0,0,6,0.0,0
MQTBench,clean_18q_dj_1,18,5,54,0,0,17,0.0,0
MQTBench,clean_36q_dj_1,36,5,108,0,0,35,0.0,0
