bug_id,version,label,num_qubits,depth,size,multi_qubit_gates,t_gate_count,measure_count,rmqg,status
1,buggy,1,3,2,2,2,0,0,1.0,OK
1,fixed,0,3,2,2,0,0,0,0.0,OK
2,buggy,1,2,2,2,1,0,0,0.5,OK
2,fixed,0,2,2,2,1,0,0,0.5,OK
3,buggy,1,1,1,1,0,0,0,0.0,OK
3,fixed,0,1,1,1,0,0,0,0.0,OK
4,buggy,1,18,2,3,0,0,0,0.0,OK
4,fixed,0,18,2,3,0,0,0,0.0,OK
5,buggy,1,0,0,0,0,0,0,0.0,OK
5,fixed,0,1,1,1,0,0,1,0.0,OK
6,buggy,1,36,3,41,1,0,36,0.0244,OK
6,fixed,0,36,3,41,1,0,36,0.0244,OK
7,buggy,1,3,3,3,2,0,0,0.6667,OK
7,fixed,0,3,3,3,2,0,0,0.6667,OK
8,buggy,1,3,2,2,2,0,0,1.0,OK
8,fixed,0,3,2,2,2,0,0,1.0,OK
9,buggy,1,1,1,1,0,0,0,0.0,OK
9,fixed,0,1,1,1,0,0,0,0.0,OK
10,buggy,1,1,1,1,0,0,0,0.0,OK
10,fixed,0,1,1,1,0,0,0,0.0,OK
11,buggy,1,1,1,1,0,0,0,0.0,OK
11,fixed,0,1,1,1,0,0,0,0.0,OK
12,buggy,1,2,2,4,0,0,2,0.0,OK
12,fixed,0,2,2,4,0,0,2,0.0,OK
13,buggy,1,3,1,1,0,0,0,0.0,OK
13,fixed,0,3,1,1,0,0,0,0.0,OK
14,buggy,1,2,4,4,1,0,0,0.25,OK
14,fixed,0,2,4,4,1,0,0,0.25,OK
15,buggy,1,1,1,1,0,0,0,0.0,OK
15,fixed,0,1,2,2,0,0,0,0.0,OK
16,buggy,1,5,6,10,4,0,5,0.4,OK
16,fixed,0,5,5,5,4,0,0,0.8,OK
17,buggy,1,3,2,4,0,0,3,0.0,OK
17,fixed,0,3,2,4,0,0,3,0.0,OK
18,buggy,1,2,3,4,1,0,2,0.25,OK
18,fixed,0,2,3,4,1,0,2,0.25,OK
19,buggy,1,2,2,2,1,0,0,0.5,OK
19,fixed,0,2,2,2,1,0,0,0.5,OK
20,buggy,1,2,2,2,1,0,0,0.5,OK
20,fixed,0,2,2,2,1,0,0,0.5,OK
21,buggy,1,2,3,4,1,0,2,0.25,OK
21,fixed,0,2,3,4,1,0,2,0.25,OK
22,buggy,1,2,2,2,1,0,0,0.5,OK
22,fixed,0,2,2,2,1,0,0,0.5,OK
23,buggy,1,2,3,4,1,0,2,0.25,OK
23,fixed,0,2,3,4,1,0,2,0.25,OK
24,buggy,1,2,3,4,1,0,2,0.25,OK
24,fixed,0,2,3,4,1,0,2,0.25,OK
25,buggy,1,3,4,6,2,0,3,0.3333,OK
25,fixed,0,3,4,6,2,0,3,0.3333,OK
26,buggy,1,2,2,2,1,0,0,0.5,OK
26,fixed,0,2,2,2,1,0,0,0.5,OK
27,buggy,1,2,3,4,1,0,2,0.25,OK
27,fixed,0,2,3,4,1,0,2,0.25,OK
28,buggy,1,2,3,4,1,0,2,0.25,OK
28,fixed,0,2,3,4,1,0,2,0.25,OK
29,buggy,1,3,4,6,2,0,3,0.3333,OK
29,fixed,0,3,4,6,2,0,3,0.3333,OK
30,buggy,1,2,2,2,1,0,0,0.5,OK
30,fixed,0,2,2,2,1,0,0,0.5,OK
31,buggy,1,3,4,6,2,0,3,0.3333,OK
31,fixed,0,3,4,6,2,0,3,0.3333,OK
32,buggy,1,2,3,4,1,0,2,0.25,OK
32,fixed,0,2,3,4,1,0,2,0.25,OK
33,buggy,1,1,3,3,0,0,2,0.0,OK
33,fixed,0,1,4,4,0,0,2,0.0,OK
34,buggy,1,2,2,2,1,0,0,0.5,OK
34,fixed,0,2,2,2,1,0,0,0.5,OK
35,buggy,1,7,2,2,1,0,0,0.5,OK
35,fixed,0,7,2,2,1,0,0,0.5,OK
36,buggy,1,1,2,2,0,0,0,0.0,OK
36,fixed,0,1,3,3,0,0,0,0.0,OK
37,buggy,1,5,2,6,0,0,5,0.0,OK
37,fixed,0,5,2,6,0,0,5,0.0,OK
38,buggy,1,2,2,2,1,0,0,0.5,OK
38,fixed,0,2,2,2,1,0,0,0.5,OK
39,buggy,1,4,7,10,6,0,4,0.6,OK
39,fixed,0,4,8,14,6,0,4,0.4286,OK
40,buggy,1,2,5,7,1,0,0,0.1429,OK
40,fixed,0,2,4,7,1,0,0,0.1429,OK
41,buggy,1,2,5,6,0,0,2,0.0,OK
41,fixed,0,2,5,6,0,0,2,0.0,OK
42,buggy,1,4,14,25,6,0,4,0.24,OK
42,fixed,0,4,14,25,6,0,4,0.24,OK
