filename,algorithm,num_qubits,depth,size,multi_qubit_gates,t_gate_count,measure_count,rmqg,label
clean_1q_dj_1.qasm,dj,1,3,3,0,0,0,0.0,0
clean_1q_ghz_2.qasm,ghz,1,2,2,0,0,1,0.0,0
clean_1q_qaoa_3.qasm,qaoa,1,3,3,0,0,0,0.0,0
clean_1q_qft_4.qasm,qft,1,2,2,0,0,1,0.0,0
clean_1q_qftentangled_5.qasm,qftentangled,1,3,3,0,0,1,0.0,0
clean_1q_wstate_6.qasm,wstate,1,2,2,0,0,1,0.0,0
clean_2q_dj_1.qasm,dj,2,5,6,0,0,1,0.0,0
clean_2q_ghz_2.qasm,ghz,2,3,4,1,0,2,0.25,0
clean_2q_qaoa_3.qasm,qaoa,2,5,8,2,0,0,0.25,0
clean_2q_qft_4.qasm,qft,2,2,3,0,0,2,0.0,0
clean_2q_qftentangled_5.qasm,qftentangled,2,4,5,1,0,2,0.2,0
clean_2q_wstate_6.qasm,wstate,2,5,7,2,0,2,0.2857,0
clean_2q_grover_7.qasm,grover,2,3,5,0,0,2,0.0,0
clean_2q_qpeexact_8.qasm,qpeexact,2,4,5,1,0,1,0.2,0
clean_2q_qpeinexact_9.qasm,qpeinexact,2,4,5,1,0,1,0.2,0
clean_2q_dj_10.qasm,dj,2,5,6,0,0,1,0.0,0
clean_2q_ghz_11.qasm,ghz,2,3,4,1,0,2,0.25,0
clean_2q_qaoa_12.qasm,qaoa,2,5,8,2,0,0,0.25,0
clean_2q_qft_13.qasm,qft,2,2,3,0,0,2,0.0,0
clean_2q_qftentangled_14.qasm,qftentangled,2,4,5,1,0,2,0.2,0
clean_2q_wstate_15.qasm,wstate,2,5,7,2,0,2,0.2857,0
clean_2q_grover_16.qasm,grover,2,3,5,0,0,2,0.0,0
clean_2q_qpeexact_17.qasm,qpeexact,2,4,5,1,0,1,0.2,0
clean_2q_qpeinexact_18.qasm,qpeinexact,2,4,5,1,0,1,0.2,0
clean_2q_dj_19.qasm,dj,2,5,6,0,0,1,0.0,0
clean_3q_dj_1.qasm,dj,3,5,9,0,0,2,0.0,0
clean_3q_ghz_2.qasm,ghz,3,4,6,2,0,3,0.3333,0
clean_3q_qaoa_3.qasm,qaoa,3,7,13,4,0,0,0.3077,0
clean_3q_qft_4.qasm,qft,3,2,4,0,0,3,0.0,0
clean_3q_qftentangled_5.qasm,qftentangled,3,5,7,2,0,3,0.2857,0
clean_3q_wstate_6.qasm,wstate,3,7,12,4,0,3,0.3333,0
clean_3q_grover_7.qasm,grover,3,3,7,0,0,3,0.0,0
clean_3q_qpeexact_8.qasm,qpeexact,3,7,10,3,0,2,0.3,0
clean_4q_dj_1.qasm,dj,4,5,12,0,0,3,0.0,0
clean_4q_ghz_2.qasm,ghz,4,5,8,3,0,4,0.375,0
clean_5q_dj_1.qasm,dj,5,5,15,0,0,4,0.0,0
clean_5q_ghz_2.qasm,ghz,5,6,10,4,0,5,0.4,0
clean_7q_dj_1.qasm,dj,7,5,21,0,0,6,0.0,0
clean_18q_dj_1.qasm,dj,18,5,54,0,0,17,0.0,0
clean_36q_dj_1.qasm,dj,36,5,108,0,0,35,0.0,0
